{
  "Big 5": {
    "Conscientiousness": {
      "percentage": 0.13670541897603605,
      "details": {
        "Openness": {
          "percentage": 0.8620799038659636,
          "details": {
            "Adventurousness": {
              "percentage": 0.6482998599781588
            },
            "Artistic interests": {
              "percentage": 0.33002682202515377
            },
            "Emotionality": {
              "percentage": 0.4073693500335964
            },
            "Imagination": {
              "percentage": 0.8621097332507811
            },
            "Intellect": {
              "percentage": 0.9366551342960114
            },
            "Authority-challenging": {
              "percentage": 0.8625024058648906
            }
          }
        },
        "Conscientiousness": {
          "percentage": 0.13670541897603605,
          "details": {
            "Achievement striving": {
              "percentage": 0.2510001444656723
            },
            "Cautiousness": {
              "percentage": 0.6226953019489758
            },
            "Dutifulness": {
              "percentage": 0.07088752056250573
            },
            "Orderliness": {
              "percentage": 0.11424606974286768
            },
            "Self-discipline": {
              "percentage": 0.024261657788610072
            },
            "Self-efficacy": {
              "percentage": 0.6874027005504559
            }
          }
        },
        "Extraversion": {
          "percentage": 0.8038304381588903,
          "details": {
            "Activity level": {
              "percentage": 0.08099013991991291
            },
            "Assertiveness": {
              "percentage": 0.7852478398980826
            },
            "Cheerfulness": {
              "percentage": 0.21639505953169635
            },
            "Excitement-seeking": {
              "percentage": 0.08939666210675443
            },
            "Outgoing": {
              "percentage": 0.6991776724402561
            },
            "Gregariousness": {
              "percentage": 0.26064026617816716
            }
          }
        },
        "Agreeableness": {
          "percentage": 0.6491664150752487,
          "details": {
            "Altruism": {
              "percentage": 0.34261393876673685
            },
            "Cooperation": {
              "percentage": 0.5556920857223376
            },
            "Modesty": {
              "percentage": 0.03711862077999705
            },
            "Uncompromising": {
              "percentage": 0.19512327628819293
            },
            "Sympathy": {
              "percentage": 1
            },
            "Trust": {
              "percentage": 0.24956376001552227
            }
          }
        },
        "Emotional range": {
          "percentage": 0.5096724326072577,
          "details": {
            "Fiery": {
              "percentage": 0.5543584908377619
            },
            "Prone to worry": {
              "percentage": 0.1917465468475899
            },
            "Melancholy": {
              "percentage": 0.5234421262586926
            },
            "Immoderation": {
              "percentage": 0.07956966695089976
            },
            "Self-consciousness": {
              "percentage": 0.30037210783793716
            },
            "Susceptible to stress": {
              "percentage": 0.3304056248610934
            }
          }
        }
      }
    }
  },
  "Needs": {
    "Ideal": {
      "percentage": 0.00935840217005584,
      "details": {
        "Challenge": {
          "percentage": 0.02612852404937699
        },
        "Closeness": {
          "percentage": 0.34141584642239514
        },
        "Curiosity": {
          "percentage": 0.08520740779962153
        },
        "Excitement": {
          "percentage": 0.10381486466930986
        },
        "Harmony": {
          "percentage": 0.81764502404242
        },
        "Ideal": {
          "percentage": 0.00935840217005584
        },
        "Liberty": {
          "percentage": 0.36805215358806875
        },
        "Love": {
          "percentage": 0.885020939254356
        },
        "Practicality": {
          "percentage": 0.9523770609262516
        },
        "Self-expression": {
          "percentage": 0.6882599830991415
        },
        "Stability": {
          "percentage": 0.046766444174587626
        },
        "Structure": {
          "percentage": 0.10662492072498073
        }
      }
    }
  },
  "Values": {
    "Self-transcendence": {
      "percentage": 1,
      "details": {
        "Conservation": {
          "percentage": 0.009640818296005627
        },
        "Openness to change": {
          "percentage": 0.9676507632053605
        },
        "Hedonism": {
          "percentage": 0.09747596654099033
        },
        "Self-enhancement": {
          "percentage": 0.48143804580242394
        },
        "Self-transcendence": {
          "percentage": 1
        }
      }
    }
  }
}